{
  "Xã An Phú": [
    10.566,
    105.3344
  ],
  "Xã Phú Tân": [
    10.7055,
    105.3062
  ],
  "Xã Núi Cấm": [
    10.3895,
    105.0518
  ],
  "Xã Ba Chúc": [
    10.527000000000001,
    105.00680000000001
  ],
  "Xã Sơn Hải": [
    10.576500000000001,
    105.4226
  ],
  "Xã Chợ Mới": [
    10.770000000000001,
    105.248
  ],
  "Xã Đông Thái": [
    10.541,
    105.12440000000001
  ],
  "Xã Long Kiến": [
    10.318000000000001,
    105.05120000000001
  ],
  "Xã Phú Hòa": [
    10.73,
    104.912
  ],
  "Xã Long Điền": [
    10.3735,
    104.9174
  ],
  "Xã Châu Phú": [
    10.332500000000001,
    105.173
  ],
  "Xã Tây Phú": [
    10.472000000000001,
    105.1448
  ],
  "Phường Long Xuyên": [
    10.481,
    105.22040000000001
  ],
  "Xã Bình An": [
    10.686,
    105.14240000000001
  ],
  "Xã Thạnh Mỹ Tây": [
    10.6615,
    104.93660000000001
  ],
  "Xã Sơn Kiên": [
    10.3725,
    104.909
  ],
  "Xã Vĩnh An": [
    10.7375,
    104.97500000000001
  ],
  "Xã Hòn Nghệ": [
    10.460500000000001,
    105.04820000000001
  ],
  "Xã Vĩnh Thuận": [
    10.354000000000001,
    105.3536
  ],
  "Xã Tiên Hải": [
    10.362,
    105.4208
  ],
  "Xã Phú Hữu": [
    10.726500000000001,
    105.4826
  ],
  "Xã Hòa Hưng": [
    10.3955,
    105.10220000000001
  ],
  "Xã Vĩnh Hòa Hưng": [
    10.388,
    105.03920000000001
  ],
  "Xã Tân An": [
    10.329,
    105.1436
  ],
  "Xã Hội An": [
    10.655000000000001,
    105.482
  ],
  "Xã Vĩnh Tuy": [
    10.773000000000001,
    105.2732
  ],
  "Phường Mỹ Thới": [
    10.474,
    105.1616
  ],
  "Xã Ô Lâm": [
    10.677000000000001,
    105.0668
  ],
  "Xã Tây Yên": [
    10.7415,
    105.0086
  ],
  "Xã Khánh Bình": [
    10.310500000000001,
    104.9882
  ],
  "Xã Phú Lâm": [
    10.55,
    105.2
  ],
  "Phường Hà Tiên": [
    10.6845,
    105.1298
  ],
  "Phường Vĩnh Thông": [
    10.56,
    105.284
  ],
  "Xã Hòa Thuận": [
    10.318000000000001,
    105.05120000000001
  ],
  "Xã Gò Quao": [
    10.755,
    105.122
  ],
  "Xã Cần Đăng": [
    10.444500000000001,
    104.91380000000001
  ],
  "Xã Mỹ Thuận": [
    10.7935,
    105.4454
  ],
  "Phường Tân Châu": [
    10.425,
    105.35000000000001
  ],
  "Xã An Châu": [
    10.749,
    105.0716
  ],
  "Xã Vĩnh Điều": [
    10.4625,
    105.06500000000001
  ],
  "Phường Tô Châu": [
    10.391,
    105.0644
  ],
  "Xã Thạnh Lộc": [
    10.436,
    105.4424
  ],
  "Xã Bình Sơn": [
    10.323500000000001,
    105.09740000000001
  ],
  "Phường Rạch Giá": [
    10.5015,
    105.3926
  ],
  "Xã U Minh Thượng": [
    10.679,
    105.0836
  ],
  "Xã Tân Hội": [
    10.4815,
    105.22460000000001
  ],
  "Phường Thới Sơn": [
    10.602,
    105.0368
  ],
  "Xã Giồng Riềng": [
    10.608,
    105.08720000000001
  ],
  "Xã Hòa Điền": [
    10.702,
    105.27680000000001
  ],
  "Phường Châu Đốc": [
    10.426,
    105.3584
  ],
  "Xã Nhơn Hội": [
    10.342,
    105.25280000000001
  ],
  "Xã Châu Phong": [
    10.5015,
    105.3926
  ],
  "Đặc khu Thổ Châu": [
    10.6425,
    105.37700000000001
  ],
  "Xã Vĩnh Hòa": [
    10.432500000000001,
    105.41300000000001
  ],
  "Xã Cô Tô": [
    10.379000000000001,
    104.9636
  ],
  "Xã Vân Khánh": [
    10.4145,
    105.26180000000001
  ],
  "Xã Vĩnh Hanh": [
    10.739500000000001,
    104.99180000000001
  ],
  "Xã Bình Hòa": [
    10.328000000000001,
    105.13520000000001
  ],
  "Phường Tịnh Biên": [
    10.788,
    105.39920000000001
  ],
  "Xã Óc Eo": [
    10.5135,
    105.49340000000001
  ],
  "Xã Cù Lao Giêng": [
    10.353000000000002,
    105.3452
  ],
  "Đặc khu Kiên Hải": [
    10.334000000000001,
    105.18560000000001
  ],
  "Đặc khu Phú Quốc": [
    10.636000000000001,
    105.3224
  ],
  "Xã Tân Hiệp": [
    10.656500000000001,
    105.4946
  ],
  "Xã Nam Du": [
    10.426,
    105.3584
  ],
  "Xã Định Hòa": [
    10.4565,
    105.0146
  ],
  "Xã Giang Thành": [
    10.4555,
    105.0062
  ],
  "Xã Châu Thành": [
    10.662500000000001,
    104.94500000000001
  ],
  "Xã Bình Giang": [
    10.448500000000001,
    104.9474
  ],
  "Xã Đông Hòa": [
    10.4395,
    105.4718
  ],
  "Xã Thạnh Đông": [
    10.406500000000001,
    105.19460000000001
  ],
  "Phường Long Phú": [
    10.72,
    105.42800000000001
  ],
  "Xã An Sơn": [
    10.789000000000001,
    105.4076
  ],
  "Xã Kiên Lương": [
    10.729500000000002,
    104.90780000000001
  ],
  "Phường Vĩnh Tế": [
    10.458,
    105.02720000000001
  ],
  "Xã Thoại Sơn": [
    10.559000000000001,
    105.27560000000001
  ],
  "Xã Mỹ Đức": [
    10.354500000000002,
    105.35780000000001
  ],
  "Xã Vĩnh Bình": [
    10.323,
    105.09320000000001
  ],
  "Xã Lại Sơn": [
    10.483500000000001,
    105.2414
  ],
  "Xã Long Thạnh": [
    10.308,
    104.9672
  ],
  "Xã Ngọc Chúc": [
    10.693000000000001,
    105.2012
  ],
  "Xã Hòn Đất": [
    10.401000000000002,
    105.14840000000001
  ],
  "Xã Tân Thạnh": [
    10.767000000000001,
    105.2228
  ],
  "Phường Bình Đức": [
    10.768,
    105.2312
  ],
  "Xã Đông Hưng": [
    10.6155,
    105.15020000000001
  ],
  "Phường Chi Lăng": [
    10.473,
    105.15320000000001
  ],
  "Xã Thạnh Hưng": [
    10.672500000000001,
    105.02900000000001
  ],
  "Xã An Minh": [
    10.618,
    105.1712
  ],
  "Xã Mỹ Hòa Hưng": [
    10.7195,
    105.4238
  ],
  "Xã Phú An": [
    10.6439907,
    105.3032301
  ],
  "Xã Bình Thạnh Đông": [
    10.601067,
    105.2564125
  ],
  "Xã An Cư": [
    10.5475461,
    105.0091137
  ],
  "Xã Bình Mỹ": [
    10.9801665,
    106.6101596
  ],
  "Xã Vĩnh Thạnh Trung": [
    10.5963468,
    105.1900334
  ],
  "Xã Vĩnh Xương": [
    10.868468,
    105.1717757
  ],
  "Xã Vĩnh Trạch": [
    10.2946419,
    105.3368012
  ],
  "Xã Hòa Lạc": [
    21.0112161,
    105.5361998
  ],
  "Xã Tri Tôn": [
    10.4122221,
    104.9709438
  ],
  "Xã Vĩnh Gia": [
    10.4281471,
    104.8575429
  ],
  "Xã Vĩnh Hậu": [
    9.2064192,
    105.6539212
  ],
  "Xã Định Mỹ": [
    10.3135588,
    105.2768079
  ],
  "Xã Nhơn Mỹ": [
    9.7664499,
    106.0369847
  ],
  "Xã An Biên": [
    9.7785992,
    105.0964841
  ],
  "Xã Chợ Vàm": [
    10.6831221,
    105.2781786
  ],
  "Xã Vĩnh Phong": [
    9.4718374,
    105.2550979
  ]
}